highres,5,8122086,,高画質
commentary request,5,6317637,,解説リクエスト
commentary,5,3225707,,解説
absurdres,5,2979831,,不条理
bad id,5,1454387,,悪いID
english commentary,5,1316448,,英語の解説
bad pixiv id,5,1105015,,悪いpixiv id
translation request,5,849831,,翻訳リクエスト
photoshop (medium),5,709700,,ホトショ
translated,5,651668,,翻訳
official art,5,539440,,お仕事絵
commission,5,335111,,コミッション
untranslatable commentary,5,333280,symbol-only commentary,シンボルのみの解説
chinese commentary,5,317644,simplified chinese commentary,中国の解説
bad twitter id,5,251335,,悪いツイッターID
variant set,5,229673,,差分
korean commentary,5,199294,,韓国の解説
non-web source,5,180523,,非ウェブソース
game asset,5,171168,"datamine,game cg",游戏CG
partial commentary,5,159005,,部分的な解説
artist request,5,143250,,アーティストのリクエスト
animated,5,132598,,アニメーション
paid reward available,5,131135,,付费内容
traditional media,5,126440,,アナログ
copyright request,5,123604,,著作権リクエスト
md5 mismatch,5,115930,,MD5ミスマッチ
skeb commission,5,112719,,マブラヴSkeb部
lowres,5,112686,,ローレス
large variant set,5,110959,,
third-party source,5,105035,,搬运
second-party source,5,101200,,来源:约稿方
scan,5,94325,,扫图
mixed-language commentary,5,85574,,混合言語解説
revision,5,82672,,セルフリメイク
video,5,82392,,動画(WebMまたはmp4)
character request,5,73771,,文字リクエスト
bad link,5,60073,,悪いリンク
self-datamine,5,49229,,
spoilers,5,47354,,ネタバレ
visual novel cg,5,44392,,一枚絵
pixiv commission,5,43839,pixiv request,リクエスト絵
check translation,5,43732,,翻訳を確認してください
duplicate,5,42519,,重複
protected link,5,35375,,保護されたリンク
sound,5,35327,audio,音
source request,5,34476,,ソースリクエスト
resolution mismatch,5,32484,,解像度の不一致
painting (medium),5,31100,canvas (medium),絵の具
self-upload,5,29793,self upload,セルフアップロード
inactive account,5,28003,,非アクティブアカウント
third-party edit,5,27836,,二改
textless version,5,27553,,文字なし差分
jpeg artifacts,5,27339,,JPEGアーティファクト
pixel-perfect duplicate,5,26862,,ピクセルに最適な複製
photo (medium),5,26742,,照片
bad fc2 link,5,26702,,
bad source,5,26674,,悪いソース
animated gif,5,26636,,GIFアニメ
derivative work,5,24917,,パクリ
bad tumblr id,5,24581,,悪いTumblr ID
partially translated,5,23430,,部分的に翻訳されています
unfinished,5,23406,,ボツ
dated commentary,5,23007,,日付の解説
looping animation,5,22843,,ぬるぬる動く
ugoira,5,22580,,うごイラ
check commentary,5,22579,,检查解说翻译
watercolor (medium),5,22484,,すいさい
marker (medium),5,18318,,コピック
ai-generated,5,18047,,AIねこみみ部
tall image,5,17835,,背の高い画像
paid reward,5,17591,,有料の報酬
source smaller,5,17192,,ソースが小さくなります
anime screenshot,5,15659,anime screencap,动画截图
promotional art,5,15612,official ad,宣伝絵
alt text,5,15300,source image text,altテキスト
hashtag-only commentary,5,15280,,
cropped,5,15230,,抠图
making-of available,5,14735,,メイキング
painttool sai (medium),5,14445,,ペイントツールSAI
source larger,5,13815,,ソースが大きくなります
commissioner upload,5,13802,,コミッショナーのアップロード
graphite (medium),5,13550,,シャープペンシル
audible music,5,13488,,可聴音楽
clip studio paint (medium),5,13100,"comic studio (medium),illust studio (medium),manga studio (medium)",クリスタ
photo-referenced,5,12398,,写真トレス
audible speech,5,12318,,可聴スピーチ
corrupted twitter file,5,11628,,
image sample,5,11013,,画像サンプル
imageboard desourced,5,10849,,イメージボードが脱却されました
adversarial noise,5,10685,"glaze artifacts,glaze protected image",
artist collaboration,5,10651,,合作
official wallpaper,5,10538,,公式の壁紙
bilingual commentary,5,10425,,
colorized,5,9897,,塗ってみた
official artist extra,5,9556,,本家
novel illustration,5,9323,,ライトノベル
patreon reward,5,8978,,パトレオン報酬
bad deviantart id,5,8976,,悪いdeviantArt id
off-topic,5,8672,,オフトピック
has bad revision,5,8416,,改訂が悪い
ai-assisted,5,8198,,AI+手書き
concept art,5,8104,,コンセプトアート
procreate (medium),5,7940,,プロクリエイト
colored pencil (medium),5,7524,,色鉛筆
clothing request,5,7305,,衣類のリクエスト
magazine scan,5,7189,,雑誌スキャン
hard-translated,5,7097,hard translated,ハード翻訳
mihuashi commission,5,6933,,
resized,5,6712,,补分辨率
incredibly absurdres,5,6596,,信じられないほど不条理
pen (medium),5,6528,,ペン（中）
bad twitter link,5,6235,,
spanish commentary,5,5858,,スペイン語の解説
bad nicoseiga id,5,5751,,悪いnicoseiga id
making-of,5,5535,making of,タイムラプス
voice drama available,5,5432,,ボイスドラマ
screenshot,5,5365,,スクリーンショット
screenshot redraw,5,5198,screencap redraw,スクリーンキャップの再描画
artbook,5,4834,,画集
pixiv sample,5,4777,,pixivサンプル
mixed media,5,4737,,混合メディア
flower request,5,4648,,フラワーリクエスト
check copyright,5,4507,,著作権を確認してください
english audio,5,4330,,英語の音声
japanese audio,5,4305,,
blender (medium),5,4277,,ブレンダー（中）
card commentary,5,4234,,
tagme,5,4073,,私をタグして
scan artifacts,5,4036,,アーティファクトをスキャンします
alternate language,5,3959,,正規翻訳版
merchandise available,5,3881,,
fanbox reward,5,3861,,ファンボックスの報酬
fan request,5,3850,,リクエスト
annotated,5,3674,,注釈
has censored revision,5,3658,,検閲された改訂があります
romaji commentary,5,3596,,ロマジの解説
live2d,5,3558,,Live2d
bad lofter id,5,3539,,
redrawn,5,3473,,セルフリメイク
stitched,5,3472,,ステッチ
key visual,5,3400,,キービジュアル
check character,5,3353,,文字を確認してください
paint.net (medium),5,3337,,paint.net（中）
thai commentary,5,3273,,タイの解説
bad tumblr link,5,3253,,
multi-source commentary,5,3168,multiple commentaries,
guest art,5,3128,,応援イラスト
check artist,5,3101,,アーティストをチェックしてください
upscaled,5,3073,,Upscaled
acrylic paint (medium),5,2908,,アクリル
gift art,5,2875,,ギフトアート
production art,5,2791,,概念图
downscaled,5,2773,,ダウンスケール
gender request,5,2761,,性別リクエスト
bad bcy id,5,2685,,悪いbcy id
bad drawr id,5,2666,,悪いdrawr id
archived source,5,2653,,アーカイブソース
wide image,5,2553,,広い画像
food request,5,2531,,フードリクエスト
millipen (medium),5,2481,,ミリペン
vgen commission,5,2462,,
russian commentary,5,2448,,ロシアの解説
nude filter,5,2337,,剥ぎコラ
has downscaled revision,5,2266,,改訂版がダウンしています
weapon request,5,2264,,武器のリクエスト
gimp (medium),5,2215,,GIMP（中）
unconventional media,5,2205,,型破りなメディア
cosplay photo,5,2185,,コスプレイヤ
alpha transparency,5,2091,,アルファ透明性
ibispaint (medium),5,2077,,アイビスペイント
vector trace,5,2037,,ベクトルトレース
figure (medium),5,2036,,
crease,5,2013,,折り目
bad nico seiga link,5,1950,,
bad imgur id,5,1903,,
lossy-lossless,5,1801,,損失のない
oil painting (medium),5,1748,,油絵
fancy embedded notes,5,1707,,
multilingual commentary,5,1647,,
commentary typo,5,1631,,解説タイプミス
art study,5,1583,,習作
nib pen (medium),5,1559,,つけペン
third-party watermark,5,1495,,サードパーティの透かし
bad hentai foundry id,5,1490,bad hentai-foundry id,悪いヘンタイの根拠ID
bad discord link,5,1489,,
decensored,5,1484,,ディレクレッド
engrish commentary,5,1474,,刻印解説
bad patreon id,5,1427,,悪いパトレオンID
album cover redraw,5,1425,,ジャケパロ
self-portrait,5,1406,,自画像
game screenshot,5,1345,,ゲームスクリーンショット
completion time,5,1321,drawing time,完了時間
detexted,5,1280,,剥離しました
koikatsu (medium),5,1275,,コイカツ!
end card,5,1271,,エンドカード
paint chat (medium),5,1242,,絵ちゃ
bad nijie id,5,1227,,悪いnijie id
aliasing,5,1215,,エイリアシング
flash,5,1202,,閃光
microsoft paint (medium),5,1186,"ms paint (medium),mspaint (medium)",MSペイント
comic panel redraw,5,1170,manga panel redraw,漫画パネルのredRaw
mikumikudance (medium),5,1164,mmd (medium),Mikumikudance（中）
headwear request,5,1155,,帽子のリクエスト
annotation request,5,1151,,注釈リクエスト
bad blogspot link,5,1099,bad blogger link,
source mismatch,5,1093,,ソースの不一致
ych commission,5,1089,,
ballpoint pen (medium),5,1071,,ボールペン
fantia reward,5,1041,,ファンタの報酬
psd available,5,1016,,PSDが利用可能
bad instagram id,5,1010,,悪いInstagram ID
adoptable,5,985,,
bad weibo id,5,980,,悪いweibo id
ink (medium),5,974,,インク（中）
music video,5,971,,ミュージックビデオ
bad poipiku id,5,969,,悪いpoipiku id
check clothing,5,950,,
60+fps,5,948,,60+fps
object request,5,934,check object,オブジェクトリクエスト
imageboard first-party source,5,929,,
audible internal cumshot,5,928,,可聴内部累積
pdf available,5,899,,PDF利用可能
bad facebook link,5,874,,
french commentary,5,849,,フランスの解説
story in commentary,5,837,,キャプション芸
calligraphy brush (medium),5,836,,筆ペン
watercolor pencil (medium),5,836,,水彩色鉛筆
enty reward,5,835,,魅力的な報酬
bad fanbox id,5,825,,悪いファンボックスID
waifu2x,5,799,,waifu2x
twitter sample,5,799,,Twitterサンプル
tumblr sample,5,791,,Tumblrサンプル
thumbnail collage,5,785,twitter thumbnail collage,
ruffle compatible,5,781,,互換性のあるフリル
indonesian commentary,5,776,,インドネシアの解説
origins,5,763,,全てはここから始まった
countdown illustration,5,754,,カウントダウンイラスト
pastel (medium),5,747,,パステル
hard-translated (non-english),5,747,hard translated (non-english),ハード翻訳（英語以外）
vehicle request,5,744,car request,車両リクエスト
bad arca.live id,5,744,,
krita (medium),5,743,,クリタ（中）
epilepsy warning,5,739,,パカパカ演出
bad artstation id,5,730,,悪いアートステーションID
third-party extraction,5,730,,
costume request,5,721,,コスチュームリクエスト
eyecatch,5,718,,アイキャッチ
spine (medium),5,712,,
artist-provided artwork,5,708,,
source filmmaker (medium),5,703,,ソースフィルムメーカー（ミディアム）
portuguese commentary,5,689,,ポルトガルの解説
parody request,5,686,,パロディリクエスト
meme request,5,680,,
corrupted metadata,5,671,,破損したメタデータ
contest winner,5,660,,コンテストの勝者
24-hour relay,5,656,,24h接力
bad yandere id,5,643,,悪いヤンデレID
reverse translation,5,642,,逆翻訳
e-hentai sample,5,640,,e-Hentaiサンプル
artstation sample,5,633,,アートステーションサンプル
bad piapro id,5,614,,
bmp-to-png conversion,5,610,,
deviantart sample,5,609,,DeviantArtサンプル
mousepad (medium),5,606,,立体マウスパッド
partially annotated,5,606,,部分的に注釈が付けられました
figure available,5,602,,
bad mihuashi id,5,599,,
ko-fi commission,5,599,,
papercraft (medium),5,594,,ペーパークラフト（中程度）
traditional chinese commentary,5,589,,
video thumbnail,5,586,,
tegaki draw and tweet,5,575,,テガキは描画とツイートを描きます
exif rotation,5,545,,exif回転
rotated,5,541,,回転
headshop,5,532,,ヘッドショップ
official art redraw,5,530,,公式絵を元に自分絵で描くタグ
cosplay request,5,528,,コスプレリクエスト
german commentary,5,522,,ドイツの解説
vietnamese commentary,5,522,,ベトナムの解説
yandere sample,5,496,,Yandereサンプル
art trade,5,487,,
bad weibo link,5,473,,
variant set available,5,463,,
game model,5,462,,ゲームモデル
paywall cliffhanger,5,452,,
medium request,5,431,,中程度のリクエスト
figure-referenced,5,425,,
hairstyle request,5,424,"check hairstyle,hair request,hair style request",ヘアスタイルのリクエスト
bad fantia id,5,418,,
corrupted file,5,417,,破損したファイル
animal request,5,414,,動物のリクエスト
fanfiction available,5,402,,
emofuri,5,400,,えもふり
magazine request,5,393,,雑誌のリクエスト
ascii art commentary,5,392,,
bad facebook id,5,385,,
merged layers,5,382,,
plant request,5,381,,植物のリクエスト
first-party extraction,5,372,,
has watermarked revision,5,369,,透かし式の改訂があります
animated png,5,365,,アニメーションpng
bird request,5,361,,鳥のリクエスト
sprite redraw,5,356,,
chinese audio,5,355,,
zbrush (medium),5,355,,Zbrush（中）
ugoira conversion,5,352,,ウゴイラ変換
bad pinterest link,5,351,,
flower stand art,5,343,,フラスタイラスト
masking tape (medium),5,342,washi tape (medium),マスキングテープ
bad miyoushe link,5,340,,
maya (medium),5,338,,
volume warning,5,321,sound warning,
ai-generated background,5,316,,AI生成背景
color ink (medium),5,311,,カラーインク
check gender,5,310,,
bad ameba link,5,308,,
pose request,5,305,posture request,
stable diffusion,5,296,,
missing commentary,5,295,,
bad pawoo id,5,295,,悪いPawoo ID
bad daum id,5,294,,
self-scan,5,293,,
cameo request,5,288,,
lossless-lossy,5,287,,ロスレス損失
reversed,5,283,,逆
app filter,5,282,,ガラスエフェクト
medibang paint (medium),5,280,,メディバンペイント
video game cover redraw,5,276,,
bad 4chan link,5,274,,
gouache (medium),5,271,,ガッシュ
youtube video thumbnail,5,271,,
italian commentary,5,270,,イタリアの解説
has cropped revision,5,269,,修正をトリミングしました
roulette animation,5,264,,ルーレットGIF
art fight attack,5,263,"art fight gift,artfight attack,artfight gift",
mecha request,5,261,check mecha,メカリクエスト
color halftone,5,260,,カラーハーフトーン
korean audio,5,258,,
gif artifacts,5,257,,GIFアーティファクト
character counter request,5,257,,文字カウンターリクエスト
flipnote studio (medium),5,257,,うごメモ
collage (medium),5,254,,コラージュ
custom maid 3d 2,5,244,,カスタムメイド3D2
download link,5,244,,ダウンロードリンク
gumroad reward,5,244,,ガムロード報酬
non-repeating animation,5,242,,非回復アニメーション
thumbnail surprise,5,237,,サムネイルの驚き
gibberish commentary,5,233,,
reference request,5,231,,参照リクエスト
aseprite (medium),5,229,,
song request,5,227,,歌のリクエスト
nai diffusion,5,227,,nai拡散
bad bilibili id,5,226,,
hair ornament request,5,225,,髪の飾りリクエスト
still animation,5,224,single frame,
bad vkontakte id,5,223,,
check source,5,215,,ソースを確認してください
blueprint (medium),5,214,,図面
color study,5,213,,
gesture request,5,210,,ジェスチャーリクエスト
bad tinami id,5,210,,悪いティナミID
recolored,5,206,,再び復活しました
hatsune miku (voicebank),5,205,,
bad aspect ratio,5,204,,悪いアスペクト比
flash game,5,201,,フラッシュゲーム
bad postype id,5,197,,
acrylic stand (medium),5,195,,アクリルスタンド(媒体)
autodesk 3ds max (medium),5,195,,Autodesk 3DS Max（Medium）
bad newgrounds id,5,195,,悪いnewgrounds id
fixed,5,189,,修理済み
zip available,5,188,,zipが利用可能
bad bilibili link,5,184,,
meme attire request,5,183,,
bad dc inside id,5,182,,
style request,5,181,,スタイルリクエスト
sound effect request,5,180,,
bad reddit id,5,180,,
neckwear request,5,179,,ネックウェアのリクエスト
bad baraag id,5,179,,
bleed through,5,178,,裏写り
magma (medium),5,177,aggie.io (medium),
color banding,5,176,posterization,カラーバンド
animal ear request,5,166,,動物の耳のリクエスト
lego (medium),5,164,,レゴ
food art (medium),5,162,,食べ物絵
metadata reference,5,162,"filesize reference,metadata pun,resolution reference",
paper cutout (medium),5,162,,切り絵
bad artstation link,5,160,,
nicoseiga sample,5,160,,nicoseigaサンプル
drawpile (medium),5,160,,
creature request,5,156,,
transcoded,5,154,,
bad drawcrowd id,5,152,,悪いdrawcrowd ID
bad blogspot id,5,151,bad blogger id,
naver sample,5,150,,
bad bluesky id,5,148,,
background request,5,146,check background,
bad tinami link,5,146,,
has artifacted revision,5,145,,
fashion style request,5,141,,
latin commentary,5,140,,
cleaned,5,140,,掃除
nurimas,5,139,,塗りマス
comic cover redraw,5,137,,
bad plurk link,5,133,,
bad skeb id,5,132,,
footwear request,5,131,,
location request,5,130,,ロケーションリクエスト
adobe animate (medium),5,127,adobe flash (medium),
fish request,5,123,,魚のリクエスト
has adversarial noise revision,5,122,has glazed revision,
bad reddit link,5,121,,
crayon (medium),5,121,,クレヨン
mixed-language audio,5,121,,
ukrainian commentary,5,119,,
postage stamp (medium),5,119,,
color issue,5,117,,色の問題
voice actor drawing own character,5,117,,
kisekae,5,116,,kisekae
model kit (medium),5,116,,ガンプラ
twitter banner,5,115,,Twitterバナー
bad vkontakte link,5,114,bad vk link,
stop motion animation,5,113,,コマ撮り
dog request,5,112,,
mojibake commentary,5,112,,
lighting study,5,111,,
adobe firefly (medium),5,110,,
cinema 4d (medium),5,110,,
cosplay-referenced,5,109,,
bad tistory link,5,109,,
brush (medium),5,109,,ブラシ（中）
arabic commentary,5,109,,
bad ruliweb link,5,108,,
poorly translated,5,105,,翻訳が不十分です
cursor (medium),5,105,,マウスカーソル
rotoscoping,5,105,,ロトスコープ
instrument request,5,105,check instrument,機器のリクエスト
animatic,5,102,,アニマティック
avatar generator,5,102,,アバタージェネレーター
has lossy revision,5,102,,損失のある改訂があります
art program request,5,101,,
book cover redraw,5,99,,
third-party ai edit,5,98,,
emotelab (medium),5,98,,
check vehicle,5,97,,
slideshow animation,5,96,,
bad fandom id,5,95,,
opencanvas (medium),5,95,,
constellation request,5,95,,
huashijie (medium),5,95,,画世界
easytoon (medium),5,94,,
second-party edit,5,93,,
adobe illustrator (medium),5,93,,
spanish audio,5,93,,
bad misskey.io id,5,93,,
rule34.xxx sample,5,92,,
vrchat (medium),5,92,,VRチャット
picrew (medium),5,91,,
bad pawoo link,5,88,,
bad tistory id,5,87,,
alight motion (medium),5,86,,
check weapon,5,86,,
fiverr commission,5,86,,
3d custom girl,5,86,,3Dカスタム少女
bad carrd link,5,84,,
bad deviantart link,5,83,,
charcoal (medium),5,82,,木炭（中）
binding discoloration,5,82,,結合変色
greek commentary,5,81,,
print (medium),5,81,,印刷（中）
airbrush (medium),5,80,,エアブラシ（中）
fake translation,5,80,,偽の翻訳
bad lofter link,5,79,,
magicaldraw (medium),5,78,,
doll (medium),5,78,,
bad e-hentai link,5,77,,
exif thumbnail surprise,5,77,,サムネイルのサプライズをexif
anatomy study,5,76,,
kasane teto (voicebank),5,76,,
expression request,5,76,,
daz studio (medium),5,75,,
reference photo,5,75,,参照写真
corrected aspect ratio,5,74,,
check flower,5,73,,
after effects (medium),5,73,,
rebelle (medium),5,72,,
check spoilers,5,72,,
bad google+ id,5,72,,悪いGoogle+ ID
environment study,5,71,,背景練習
acrylic gouache (medium),5,70,,
bad cgsociety id,5,70,,
webp-to-png conversion,5,70,,WebPからPNGへの変換
bad cghub id,5,70,,悪いCGHUB ID
bad e-hentai id,5,70,,悪いe-Hentai ID
check food,5,69,,
clay (medium),5,68,,软陶
bad paheal link,5,68,,
line sticker available,5,67,,
swedish audio,5,66,,
mihuashi sample,5,66,,
midjourney,5,65,,ミッドジャーニー
latte art (medium),5,65,coffee art (medium),ラテアート
garry's mod (medium),5,65,,
corel painter (medium),5,65,,
bad furaffinity link,5,64,,
coupy pencil (medium),5,64,,クーピーペンシル
unreal engine (medium),5,63,unreal (medium),
pattern request,5,62,print request,
custom order maid 3d 2,5,62,,
noise reduction,5,62,,ノイズ減少
wallpaper forced,5,61,,壁紙が強制されました
zalgo commentary,5,60,,
xnalara (medium),5,60,,
bad xiaohongshu id,5,60,,
vector art,5,60,,
autodesk sketchbook (medium),5,60,,
bad youtube id,5,60,,
wigglypaint (medium),5,59,,
fruit request,5,58,,
reference work request,5,58,,参照作業リクエスト
crepe commission,5,57,,
heic-to-png conversion,5,57,,
vocal synthesizer audio,5,57,,
engraving (medium),5,56,,
low bitrate,5,56,,
firealpaca (medium),5,55,,
bad dlsite link,5,55,,
drawcrowd sample,5,54,,DrawCrowdサンプル
postcard (medium),5,53,,
fantia commission,5,53,,ファンタ委員会
scan dust,5,52,,ほこりをスキャンします
morse code commentary,5,51,,
check annotation,5,51,,
bad nijie link,5,51,,
unity (medium),5,51,,ユニティ
check animal,5,50,,
ai-synthesized speech,5,50,,
heavy adversarial noise,5,49,,
bad arca.live link,5,49,,
upside-down commentary,5,48,,
pixiv banner,5,47,,
art academy (medium),5,47,,
marmoset toolbag (medium),5,46,,
danbooru sample,5,46,,
bad steam link,5,45,,
bad xfolio link,5,45,,
bad huaban link,5,45,,
konachan sample,5,45,,コナチャンのサンプル
r'lyehian commentary,5,44,,
polish commentary,5,44,,
diorama (medium),5,44,,
bad booth id,5,43,,
style study,5,42,,
flipaclip (medium),5,42,,
cd (source),5,41,,
bad bluesky link,5,41,,
garage kit (medium),5,41,,
amigurumi (medium),5,40,"crocheted figure (medium),knit figure (medium)",編みぐるみ
poster redraw,5,40,,
video crop,5,40,,
aircraft request,5,40,,航空機のリクエスト
reddit sample,5,39,,
fantia sample,5,39,,
bad furaffinity id,5,39,,
bad google drive id,5,39,,
bad ci-en id,5,39,,
portuguese audio,5,38,,
goo engine (medium),5,38,,
dotpict (medium),5,38,,
trimmed,5,38,,
drink request,5,38,,
swedish commentary,5,37,,
keyshot (medium),5,36,,
motion capture animation,5,36,,
gelbooru sample,5,36,,
armor request,5,35,,
bad bcy link,5,35,,
bad newgrounds link,5,35,,
nurimas template,5,35,,
finnish commentary,5,34,,
material study,5,34,,
longer video available,5,33,,
bad instagram link,5,33,,
whiteboard (medium),5,33,,
video available,5,33,,
modo (medium),5,32,,
check medium,5,32,,
tos compliance edit,5,31,,
kirigami (medium),5,31,,
bad dropbox id,5,31,,
background color dependent,5,30,,
horizontally flipped,5,30,,
blockbench (medium),5,30,,
bad pinterest id,5,30,,
whiteboard fox (medium),5,30,,
pose study,5,30,,
