highres,高画質
commentary request,解説リクエスト
commentary,解説
absurdres,不条理
bad id,悪いID
english commentary,英語の解説
bad pixiv id,悪いpixiv id
translation request,翻訳リクエスト
photoshop (medium),ホトショ
translated,翻訳
official art,お仕事絵
commission,コミッション
untranslatable commentary,シンボルのみの解説
chinese commentary,中国の解説
bad twitter id,悪いツイッターID
variant set,差分
korean commentary,韓国の解説
non-web source,非ウェブソース
game asset,游戏CG
partial commentary,部分的な解説
artist request,アーティストのリクエスト
animated,アニメーション
paid reward available,付费内容
traditional media,アナログ
copyright request,著作権リクエスト
md5 mismatch,MD5ミスマッチ
lowres,ローレス
skeb commission,マブラヴSkeb部
third-party source,搬运
second-party source,来源:约稿方
scan,扫图
mixed-language commentary,混合言語解説
revision,セルフリメイク
video,動画(WebMまたはmp4)
character request,文字リクエスト
bad link,悪いリンク
spoilers,ネタバレ
check translation,翻訳を確認してください
pixiv commission,リクエスト絵
duplicate,重複
protected link,保護されたリンク
source request,ソースリクエスト
sound,音
resolution mismatch,解像度の不一致
painting (medium),絵の具
self-upload,セルフアップロード
third-party edit,二改
jpeg artifacts,JPEGアーティファクト
inactive account,非アクティブアカウント
pixel-perfect duplicate,ピクセルに最適な複製
textless version,文字なし差分
bad source,悪いソース
animated gif,GIFアニメ
photo (medium),照片
bad tumblr id,悪いTumblr ID
derivative work,パクリ
partially translated,部分的に翻訳されています
unfinished,ボツ
check commentary,检查解说翻译
ugoira,うごイラ
watercolor (medium),すいさい
looping animation,ぬるぬる動く
dated commentary,日付の解説
marker (medium),コピック
tall image,背の高い画像
paid reward,有料の報酬
ai-generated,AIねこみみ部
source smaller,ソースが小さくなります
anime screenshot,动画截图
alt text,altテキスト
promotional art,宣伝絵
painttool sai (medium),ペイントツールSAI
cropped,抠图
source larger,ソースが大きくなります
making-of available,メイキング
commissioner upload,コミッショナーのアップロード
graphite (medium),シャープペンシル
imageboard desourced,イメージボードが脱却されました
audible music,可聴音楽
clip studio paint (medium),クリスタ
photo-referenced,写真トレス
audible speech,可聴スピーチ
image sample,画像サンプル
artist collaboration,合作
official wallpaper,公式の壁紙
colorized,塗ってみた
novel illustration,ライトノベル
bad deviantart id,悪いdeviantArt id
official artist extra,本家
patreon reward,パトレオン報酬
off-topic,オフトピック
has bad revision,改訂が悪い
concept art,コンセプトアート
ai-assisted,AI+手書き
procreate (medium),プロクリエイト
colored pencil (medium),色鉛筆
hard-translated,ハード翻訳
magazine scan,雑誌スキャン
clothing request,衣類のリクエスト
resized,补分辨率
pen (medium),ペン（中）
incredibly absurdres,信じられないほど不条理
bad nicoseiga id,悪いnicoseiga id
spanish commentary,スペイン語の解説
screenshot,スクリーンショット
screenshot redraw,スクリーンキャップの再描画
making-of,タイムラプス
artbook,画集
pixiv sample,pixivサンプル
voice drama available,ボイスドラマ
mixed media,混合メディア
flower request,フラワーリクエスト
check copyright,著作権を確認してください
archived source,アーカイブソース
english audio,英語の音声
blender (medium),ブレンダー（中）
scan artifacts,アーティファクトをスキャンします
fanbox reward,ファンボックスの報酬
alternate language,正規翻訳版
annotated,注釈
has censored revision,検閲された改訂があります
tagme,私をタグして
fan request,リクエスト
romaji commentary,ロマジの解説
live2d,Live2d
stitched,ステッチ
redrawn,セルフリメイク
paint.net (medium),paint.net（中）
key visual,キービジュアル
check character,文字を確認してください
thai commentary,タイの解説
check artist,アーティストをチェックしてください
upscaled,Upscaled
guest art,応援イラスト
acrylic paint (medium),アクリル
downscaled,ダウンスケール
gift art,ギフトアート
production art,概念图
gender request,性別リクエスト
bad bcy id,悪いbcy id
bad drawr id,悪いdrawr id
wide image,広い画像
millipen (medium),ミリペン
food request,フードリクエスト
russian commentary,ロシアの解説
nude filter,剥ぎコラ
has downscaled revision,改訂版がダウンしています
gimp (medium),GIMP（中）
cosplay photo,コスプレイヤ
unconventional media,型破りなメディア
weapon request,武器のリクエスト
alpha transparency,アルファ透明性
vector trace,ベクトルトレース
ibispaint (medium),アイビスペイント
crease,折り目
lossy-lossless,損失のない
oil painting (medium),油絵
commentary typo,解説タイプミス
nib pen (medium),つけペン
art study,習作
third-party watermark,サードパーティの透かし
decensored,ディレクレッド
bad hentai foundry id,悪いヘンタイの根拠ID
engrish commentary,刻印解説
bad patreon id,悪いパトレオンID
album cover redraw,ジャケパロ
self-portrait,自画像
game screenshot,ゲームスクリーンショット
detexted,剥離しました
completion time,完了時間
end card,エンドカード
bad nijie id,悪いnijie id
koikatsu (medium),コイカツ!
flash,閃光
aliasing,エイリアシング
microsoft paint (medium),MSペイント
paint chat (medium),絵ちゃ
comic panel redraw,漫画パネルのredRaw
headwear request,帽子のリクエスト
mikumikudance (medium),Mikumikudance（中）
annotation request,注釈リクエスト
ballpoint pen (medium),ボールペン
source mismatch,ソースの不一致
fantia reward,ファンタの報酬
bad instagram id,悪いInstagram ID
ink (medium),インク（中）
bad poipiku id,悪いpoipiku id
music video,ミュージックビデオ
60+fps,60+fps
psd available,PSDが利用可能
bad weibo id,悪いweibo id
object request,オブジェクトリクエスト
pdf available,PDF利用可能
audible internal cumshot,可聴内部累積
enty reward,魅力的な報酬
calligraphy brush (medium),筆ペン
watercolor pencil (medium),水彩色鉛筆
bad fanbox id,悪いファンボックスID
french commentary,フランスの解説
waifu2x,waifu2x
twitter sample,Twitterサンプル
tumblr sample,Tumblrサンプル
ruffle compatible,互換性のあるフリル
indonesian commentary,インドネシアの解説
hard-translated (non-english),ハード翻訳（英語以外）
krita (medium),クリタ（中）
pastel (medium),パステル
epilepsy warning,パカパカ演出
vehicle request,車両リクエスト
costume request,コスチュームリクエスト
bad artstation id,悪いアートステーションID
eyecatch,アイキャッチ
source filmmaker (medium),ソースフィルムメーカー（ミディアム）
countdown illustration,カウントダウンイラスト
parody request,パロディリクエスト
corrupted metadata,破損したメタデータ
portuguese commentary,ポルトガルの解説
contest winner,コンテストの勝者
bad yandere id,悪いヤンデレID
24-hour relay,24h接力
e-hentai sample,e-Hentaiサンプル
reverse translation,逆翻訳
artstation sample,アートステーションサンプル
mousepad (medium),立体マウスパッド
partially annotated,部分的に注釈が付けられました
deviantart sample,DeviantArtサンプル
papercraft (medium),ペーパークラフト（中程度）
tegaki draw and tweet,テガキは描画とツイートを描きます
rotated,回転
exif rotation,exif回転
headshop,ヘッドショップ
cosplay request,コスプレリクエスト
official art redraw,公式絵を元に自分絵で描くタグ
german commentary,ドイツの解説
yandere sample,Yandereサンプル
vietnamese commentary,ベトナムの解説
game model,ゲームモデル
medium request,中程度のリクエスト
corrupted file,破損したファイル
animal request,動物のリクエスト
emofuri,えもふり
hairstyle request,ヘアスタイルのリクエスト
magazine request,雑誌のリクエスト
plant request,植物のリクエスト
has watermarked revision,透かし式の改訂があります
animated png,アニメーションpng
ugoira conversion,ウゴイラ変換
bird request,鳥のリクエスト
masking tape (medium),マスキングテープ
zbrush (medium),Zbrush（中）
flower stand art,フラスタイラスト
bad pawoo id,悪いPawoo ID
color ink (medium),カラーインク
ai-generated background,AI生成背景
lossless-lossy,ロスレス損失
app filter,ガラスエフェクト
reversed,逆
medibang paint (medium),メディバンペイント
italian commentary,イタリアの解説
has cropped revision,修正をトリミングしました
roulette animation,ルーレットGIF
color halftone,カラーハーフトーン
mecha request,メカリクエスト
flipnote studio (medium),うごメモ
gif artifacts,GIFアーティファクト
collage (medium),コラージュ
character counter request,文字カウンターリクエスト
gouache (medium),ガッシュ
download link,ダウンロードリンク
gumroad reward,ガムロード報酬
non-repeating animation,非回復アニメーション
thumbnail surprise,サムネイルの驚き
custom maid 3d 2,カスタムメイド3D2
reference request,参照リクエスト
nai diffusion,nai拡散
acrylic stand (medium),アクリルスタンド(媒体)
hair ornament request,髪の飾りリクエスト
blueprint (medium),図面
song request,歌のリクエスト
check source,ソースを確認してください
bad tinami id,悪いティナミID
bad aspect ratio,悪いアスペクト比
gesture request,ジェスチャーリクエスト
flash game,フラッシュゲーム
recolored,再び復活しました
bad newgrounds id,悪いnewgrounds id
autodesk 3ds max (medium),Autodesk 3DS Max（Medium）
fixed,修理済み
zip available,zipが利用可能
bleed through,裏写り
style request,スタイルリクエスト
neckwear request,ネックウェアのリクエスト
color banding,カラーバンド
lego (medium),レゴ
food art (medium),食べ物絵
paper cutout (medium),切り絵
nicoseiga sample,nicoseigaサンプル
animal ear request,動物の耳のリクエスト
bad drawcrowd id,悪いdrawcrowd ID
cleaned,掃除
nurimas,塗りマス
crayon (medium),クレヨン
color issue,色の問題
twitter banner,Twitterバナー
stop motion animation,コマ撮り
model kit (medium),ガンプラ
kisekae,kisekae
location request,ロケーションリクエスト
brush (medium),ブラシ（中）
fish request,魚のリクエスト
poorly translated,翻訳が不十分です
rotoscoping,ロトスコープ
avatar generator,アバタージェネレーター
has lossy revision,損失のある改訂があります
cursor (medium),マウスカーソル
animatic,アニマティック
instrument request,機器のリクエスト
huashijie (medium),画世界
vrchat (medium),VRチャット
3d custom girl,3Dカスタム少女
binding discoloration,結合変色
fake translation,偽の翻訳
print (medium),印刷（中）
exif thumbnail surprise,サムネイルのサプライズをexif
airbrush (medium),エアブラシ（中）
reference photo,参照写真
bad google+ id,悪いGoogle+ ID
environment study,背景練習
charcoal (medium),木炭（中）
webp-to-png conversion,WebPからPNGへの変換
bad cghub id,悪いCGHUB ID
bad e-hentai id,悪いe-Hentai ID
clay (medium),软陶
latte art (medium),ラテアート
coupy pencil (medium),クーピーペンシル
noise reduction,ノイズ減少
wallpaper forced,壁紙が強制されました
midjourney,ミッドジャーニー
reference work request,参照作業リクエスト
drawcrowd sample,DrawCrowdサンプル
fantia commission,ファンタ委員会
scan dust,ほこりをスキャンします
konachan sample,コナチャンのサンプル
unity (medium),ユニティ
aircraft request,航空機のリクエスト
amigurumi (medium),編みぐるみ
