highres,5,8122086,
commentary request,5,6317637,
commentary,5,3225707,
absurdres,5,2979831,
bad id,5,1454387,
english commentary,5,1316448,
bad pixiv id,5,1105015,
translation request,5,849831,
photoshop (medium),5,709700,
translated,5,651668,
official art,5,539440,
commission,5,335111,
untranslatable commentary,5,333280,symbol-only commentary
chinese commentary,5,317644,simplified chinese commentary
bad twitter id,5,251335,
variant set,5,229673,
korean commentary,5,199294,
non-web source,5,180523,
game asset,5,171168,"datamine,game cg"
partial commentary,5,159005,
artist request,5,143250,
animated,5,132598,
paid reward available,5,131135,
traditional media,5,126440,
copyright request,5,123604,
md5 mismatch,5,115930,
skeb commission,5,112719,
lowres,5,112686,
large variant set,5,110959,
third-party source,5,105035,
second-party source,5,101200,
scan,5,94325,
mixed-language commentary,5,85574,
revision,5,82672,
video,5,82392,
character request,5,73771,
bad link,5,60073,
self-datamine,5,49229,
spoilers,5,47354,
visual novel cg,5,44392,
pixiv commission,5,43839,pixiv request
check translation,5,43732,
duplicate,5,42519,
protected link,5,35375,
sound,5,35327,audio
source request,5,34476,
resolution mismatch,5,32484,
painting (medium),5,31100,canvas (medium)
self-upload,5,29793,self upload
inactive account,5,28003,
third-party edit,5,27836,
textless version,5,27553,
jpeg artifacts,5,27339,
pixel-perfect duplicate,5,26862,
photo (medium),5,26742,
bad fc2 link,5,26702,
bad source,5,26674,
animated gif,5,26636,
derivative work,5,24917,
bad tumblr id,5,24581,
partially translated,5,23430,
unfinished,5,23406,
dated commentary,5,23007,
looping animation,5,22843,
ugoira,5,22580,
check commentary,5,22579,
watercolor (medium),5,22484,
marker (medium),5,18318,
ai-generated,5,18047,
tall image,5,17835,
paid reward,5,17591,
source smaller,5,17192,
anime screenshot,5,15659,anime screencap
promotional art,5,15612,official ad
alt text,5,15300,source image text
hashtag-only commentary,5,15280,
cropped,5,15230,
making-of available,5,14735,
painttool sai (medium),5,14445,
source larger,5,13815,
commissioner upload,5,13802,
graphite (medium),5,13550,
audible music,5,13488,
clip studio paint (medium),5,13100,"comic studio (medium),illust studio (medium),manga studio (medium)"
photo-referenced,5,12398,
audible speech,5,12318,
corrupted twitter file,5,11628,
image sample,5,11013,
imageboard desourced,5,10849,
adversarial noise,5,10685,"glaze artifacts,glaze protected image"
artist collaboration,5,10651,
official wallpaper,5,10538,
bilingual commentary,5,10425,
colorized,5,9897,
official artist extra,5,9556,
novel illustration,5,9323,
patreon reward,5,8978,
bad deviantart id,5,8976,
off-topic,5,8672,
has bad revision,5,8416,
ai-assisted,5,8198,
concept art,5,8104,
procreate (medium),5,7940,
colored pencil (medium),5,7524,
clothing request,5,7305,
magazine scan,5,7189,
hard-translated,5,7097,hard translated
mihuashi commission,5,6933,
resized,5,6712,
incredibly absurdres,5,6596,
pen (medium),5,6528,
bad twitter link,5,6235,
spanish commentary,5,5858,
bad nicoseiga id,5,5751,
making-of,5,5535,making of
voice drama available,5,5432,
screenshot,5,5365,
screenshot redraw,5,5198,screencap redraw
artbook,5,4834,
pixiv sample,5,4777,
mixed media,5,4737,
flower request,5,4648,
check copyright,5,4507,
english audio,5,4330,
japanese audio,5,4305,
blender (medium),5,4277,
card commentary,5,4234,
tagme,5,4073,
scan artifacts,5,4036,
alternate language,5,3959,
merchandise available,5,3881,
fanbox reward,5,3861,
fan request,5,3850,
annotated,5,3674,
has censored revision,5,3658,
romaji commentary,5,3596,
live2d,5,3558,
bad lofter id,5,3539,
redrawn,5,3473,
stitched,5,3472,
key visual,5,3400,
check character,5,3353,
paint.net (medium),5,3337,
thai commentary,5,3273,
bad tumblr link,5,3253,
multi-source commentary,5,3168,multiple commentaries
guest art,5,3128,
check artist,5,3101,
upscaled,5,3073,
acrylic paint (medium),5,2908,
gift art,5,2875,
production art,5,2791,
downscaled,5,2773,
gender request,5,2761,
bad bcy id,5,2685,
bad drawr id,5,2666,
archived source,5,2653,
wide image,5,2553,
food request,5,2531,
millipen (medium),5,2481,
vgen commission,5,2462,
russian commentary,5,2448,
nude filter,5,2337,
has downscaled revision,5,2266,
weapon request,5,2264,
gimp (medium),5,2215,
unconventional media,5,2205,
cosplay photo,5,2185,
alpha transparency,5,2091,
ibispaint (medium),5,2077,
vector trace,5,2037,
figure (medium),5,2036,
crease,5,2013,
bad nico seiga link,5,1950,
bad imgur id,5,1903,
lossy-lossless,5,1801,
oil painting (medium),5,1748,
fancy embedded notes,5,1707,
multilingual commentary,5,1647,
commentary typo,5,1631,
art study,5,1583,
nib pen (medium),5,1559,
third-party watermark,5,1495,
bad hentai foundry id,5,1490,bad hentai-foundry id
bad discord link,5,1489,
decensored,5,1484,
engrish commentary,5,1474,
bad patreon id,5,1427,
album cover redraw,5,1425,
self-portrait,5,1406,
game screenshot,5,1345,
completion time,5,1321,drawing time
detexted,5,1280,
koikatsu (medium),5,1275,
end card,5,1271,
paint chat (medium),5,1242,
bad nijie id,5,1227,
aliasing,5,1215,
flash,5,1202,
microsoft paint (medium),5,1186,"ms paint (medium),mspaint (medium)"
comic panel redraw,5,1170,manga panel redraw
mikumikudance (medium),5,1164,mmd (medium)
headwear request,5,1155,
annotation request,5,1151,
bad blogspot link,5,1099,bad blogger link
source mismatch,5,1093,
ych commission,5,1089,
ballpoint pen (medium),5,1071,
fantia reward,5,1041,
psd available,5,1016,
bad instagram id,5,1010,
adoptable,5,985,
bad weibo id,5,980,
ink (medium),5,974,
music video,5,971,
bad poipiku id,5,969,
check clothing,5,950,
60+fps,5,948,
object request,5,934,check object
imageboard first-party source,5,929,
audible internal cumshot,5,928,
pdf available,5,899,
bad facebook link,5,874,
french commentary,5,849,
story in commentary,5,837,
calligraphy brush (medium),5,836,
watercolor pencil (medium),5,836,
enty reward,5,835,
bad fanbox id,5,825,
waifu2x,5,799,
twitter sample,5,799,
tumblr sample,5,791,
thumbnail collage,5,785,twitter thumbnail collage
ruffle compatible,5,781,
indonesian commentary,5,776,
origins,5,763,
countdown illustration,5,754,
pastel (medium),5,747,
hard-translated (non-english),5,747,hard translated (non-english)
vehicle request,5,744,car request
bad arca.live id,5,744,
krita (medium),5,743,
epilepsy warning,5,739,
bad artstation id,5,730,
third-party extraction,5,730,
costume request,5,721,
eyecatch,5,718,
spine (medium),5,712,
artist-provided artwork,5,708,
source filmmaker (medium),5,703,
portuguese commentary,5,689,
parody request,5,686,
meme request,5,680,
corrupted metadata,5,671,
contest winner,5,660,
24-hour relay,5,656,
bad yandere id,5,643,
reverse translation,5,642,
e-hentai sample,5,640,
artstation sample,5,633,
bad piapro id,5,614,
bmp-to-png conversion,5,610,
deviantart sample,5,609,
mousepad (medium),5,606,
partially annotated,5,606,
figure available,5,602,
bad mihuashi id,5,599,
ko-fi commission,5,599,
papercraft (medium),5,594,
traditional chinese commentary,5,589,
video thumbnail,5,586,
tegaki draw and tweet,5,575,
exif rotation,5,545,
rotated,5,541,
headshop,5,532,
official art redraw,5,530,
cosplay request,5,528,
german commentary,5,522,
vietnamese commentary,5,522,
yandere sample,5,496,
art trade,5,487,
bad weibo link,5,473,
variant set available,5,463,
game model,5,462,
paywall cliffhanger,5,452,
medium request,5,431,
figure-referenced,5,425,
hairstyle request,5,424,"check hairstyle,hair request,hair style request"
bad fantia id,5,418,
corrupted file,5,417,
animal request,5,414,
fanfiction available,5,402,
emofuri,5,400,
magazine request,5,393,
ascii art commentary,5,392,
bad facebook id,5,385,
merged layers,5,382,
plant request,5,381,
first-party extraction,5,372,
has watermarked revision,5,369,
animated png,5,365,
bird request,5,361,
sprite redraw,5,356,
chinese audio,5,355,
zbrush (medium),5,355,
ugoira conversion,5,352,
bad pinterest link,5,351,
flower stand art,5,343,
masking tape (medium),5,342,washi tape (medium)
bad miyoushe link,5,340,
maya (medium),5,338,
volume warning,5,321,sound warning
ai-generated background,5,316,
color ink (medium),5,311,
check gender,5,310,
bad ameba link,5,308,
pose request,5,305,posture request
stable diffusion,5,296,
missing commentary,5,295,
bad pawoo id,5,295,
bad daum id,5,294,
self-scan,5,293,
cameo request,5,288,
lossless-lossy,5,287,
reversed,5,283,
app filter,5,282,
medibang paint (medium),5,280,
video game cover redraw,5,276,
bad 4chan link,5,274,
gouache (medium),5,271,
youtube video thumbnail,5,271,
italian commentary,5,270,
has cropped revision,5,269,
roulette animation,5,264,
art fight attack,5,263,"art fight gift,artfight attack,artfight gift"
mecha request,5,261,check mecha
color halftone,5,260,
korean audio,5,258,
gif artifacts,5,257,
character counter request,5,257,
flipnote studio (medium),5,257,
collage (medium),5,254,
custom maid 3d 2,5,244,
download link,5,244,
gumroad reward,5,244,
non-repeating animation,5,242,
thumbnail surprise,5,237,
gibberish commentary,5,233,
reference request,5,231,
aseprite (medium),5,229,
song request,5,227,
nai diffusion,5,227,
bad bilibili id,5,226,
hair ornament request,5,225,
still animation,5,224,single frame
bad vkontakte id,5,223,
check source,5,215,
blueprint (medium),5,214,
color study,5,213,
gesture request,5,210,
bad tinami id,5,210,
recolored,5,206,
hatsune miku (voicebank),5,205,
bad aspect ratio,5,204,
flash game,5,201,
bad postype id,5,197,
acrylic stand (medium),5,195,
autodesk 3ds max (medium),5,195,
bad newgrounds id,5,195,
fixed,5,189,
zip available,5,188,
bad bilibili link,5,184,
meme attire request,5,183,
bad dc inside id,5,182,
style request,5,181,
sound effect request,5,180,
bad reddit id,5,180,
neckwear request,5,179,
bad baraag id,5,179,
bleed through,5,178,
magma (medium),5,177,aggie.io (medium)
color banding,5,176,posterization
animal ear request,5,166,
lego (medium),5,164,
food art (medium),5,162,
metadata reference,5,162,"filesize reference,metadata pun,resolution reference"
paper cutout (medium),5,162,
bad artstation link,5,160,
nicoseiga sample,5,160,
drawpile (medium),5,160,
creature request,5,156,
transcoded,5,154,
bad drawcrowd id,5,152,
bad blogspot id,5,151,bad blogger id
naver sample,5,150,
bad bluesky id,5,148,
background request,5,146,check background
bad tinami link,5,146,
has artifacted revision,5,145,
fashion style request,5,141,
latin commentary,5,140,
cleaned,5,140,
nurimas,5,139,
comic cover redraw,5,137,
bad plurk link,5,133,
bad skeb id,5,132,
footwear request,5,131,
location request,5,130,
adobe animate (medium),5,127,adobe flash (medium)
fish request,5,123,
has adversarial noise revision,5,122,has glazed revision
bad reddit link,5,121,
crayon (medium),5,121,
mixed-language audio,5,121,
ukrainian commentary,5,119,
postage stamp (medium),5,119,
color issue,5,117,
voice actor drawing own character,5,117,
kisekae,5,116,
model kit (medium),5,116,
twitter banner,5,115,
bad vkontakte link,5,114,bad vk link
stop motion animation,5,113,
dog request,5,112,
mojibake commentary,5,112,
lighting study,5,111,
adobe firefly (medium),5,110,
cinema 4d (medium),5,110,
cosplay-referenced,5,109,
bad tistory link,5,109,
brush (medium),5,109,
arabic commentary,5,109,
bad ruliweb link,5,108,
poorly translated,5,105,
cursor (medium),5,105,
rotoscoping,5,105,
instrument request,5,105,check instrument
animatic,5,102,
avatar generator,5,102,
has lossy revision,5,102,
art program request,5,101,
book cover redraw,5,99,
third-party ai edit,5,98,
emotelab (medium),5,98,
check vehicle,5,97,
slideshow animation,5,96,
bad fandom id,5,95,
opencanvas (medium),5,95,
constellation request,5,95,
huashijie (medium),5,95,
easytoon (medium),5,94,
second-party edit,5,93,
adobe illustrator (medium),5,93,
spanish audio,5,93,
bad misskey.io id,5,93,
rule34.xxx sample,5,92,
vrchat (medium),5,92,
picrew (medium),5,91,
bad pawoo link,5,88,
bad tistory id,5,87,
alight motion (medium),5,86,
check weapon,5,86,
fiverr commission,5,86,
3d custom girl,5,86,
bad carrd link,5,84,
bad deviantart link,5,83,
charcoal (medium),5,82,
binding discoloration,5,82,
greek commentary,5,81,
print (medium),5,81,
airbrush (medium),5,80,
fake translation,5,80,
bad lofter link,5,79,
magicaldraw (medium),5,78,
doll (medium),5,78,
bad e-hentai link,5,77,
exif thumbnail surprise,5,77,
anatomy study,5,76,
kasane teto (voicebank),5,76,
expression request,5,76,
daz studio (medium),5,75,
reference photo,5,75,
corrected aspect ratio,5,74,
check flower,5,73,
after effects (medium),5,73,
rebelle (medium),5,72,
check spoilers,5,72,
bad google+ id,5,72,
environment study,5,71,
acrylic gouache (medium),5,70,
bad cgsociety id,5,70,
webp-to-png conversion,5,70,
bad cghub id,5,70,
bad e-hentai id,5,70,
check food,5,69,
clay (medium),5,68,
bad paheal link,5,68,
line sticker available,5,67,
swedish audio,5,66,
mihuashi sample,5,66,
midjourney,5,65,
latte art (medium),5,65,coffee art (medium)
garry's mod (medium),5,65,
corel painter (medium),5,65,
bad furaffinity link,5,64,
coupy pencil (medium),5,64,
unreal engine (medium),5,63,unreal (medium)
pattern request,5,62,print request
custom order maid 3d 2,5,62,
noise reduction,5,62,
wallpaper forced,5,61,
zalgo commentary,5,60,
xnalara (medium),5,60,
bad xiaohongshu id,5,60,
vector art,5,60,
autodesk sketchbook (medium),5,60,
bad youtube id,5,60,
wigglypaint (medium),5,59,
fruit request,5,58,
reference work request,5,58,
crepe commission,5,57,
heic-to-png conversion,5,57,
vocal synthesizer audio,5,57,
engraving (medium),5,56,
low bitrate,5,56,
firealpaca (medium),5,55,
bad dlsite link,5,55,
drawcrowd sample,5,54,
postcard (medium),5,53,
fantia commission,5,53,
scan dust,5,52,
morse code commentary,5,51,
check annotation,5,51,
bad nijie link,5,51,
unity (medium),5,51,
check animal,5,50,
ai-synthesized speech,5,50,
heavy adversarial noise,5,49,
bad arca.live link,5,49,
upside-down commentary,5,48,
pixiv banner,5,47,
art academy (medium),5,47,
marmoset toolbag (medium),5,46,
danbooru sample,5,46,
bad steam link,5,45,
bad xfolio link,5,45,
bad huaban link,5,45,
konachan sample,5,45,
r'lyehian commentary,5,44,
polish commentary,5,44,
diorama (medium),5,44,
bad booth id,5,43,
style study,5,42,
flipaclip (medium),5,42,
cd (source),5,41,
bad bluesky link,5,41,
garage kit (medium),5,41,
amigurumi (medium),5,40,"crocheted figure (medium),knit figure (medium)"
poster redraw,5,40,
video crop,5,40,
aircraft request,5,40,
reddit sample,5,39,
fantia sample,5,39,
bad furaffinity id,5,39,
bad google drive id,5,39,
bad ci-en id,5,39,
portuguese audio,5,38,
goo engine (medium),5,38,
dotpict (medium),5,38,
trimmed,5,38,
drink request,5,38,
swedish commentary,5,37,
keyshot (medium),5,36,
motion capture animation,5,36,
gelbooru sample,5,36,
armor request,5,35,
bad bcy link,5,35,
bad newgrounds link,5,35,
nurimas template,5,35,
finnish commentary,5,34,
material study,5,34,
longer video available,5,33,
bad instagram link,5,33,
whiteboard (medium),5,33,
video available,5,33,
modo (medium),5,32,
check medium,5,32,
tos compliance edit,5,31,
kirigami (medium),5,31,
bad dropbox id,5,31,
background color dependent,5,30,
horizontally flipped,5,30,
blockbench (medium),5,30,
bad pinterest id,5,30,
whiteboard fox (medium),5,30,
pose study,5,30,
